{"cameraMode":{"drawMode":0,"name":"Shaded","section":"Shading Mode"},"sceneLighting":false,"audioPlay":false,"sceneViewState":{"showFog":true,"showMaterialUpdate":false,"showSkybox":true,"showFlares":true,"showImageEffects":true,"showParticleSystems":true},"in2DMode":false,"pivot":{"x":44.176429748535159,"y":-5.475189208984375,"z":-8.915481567382813},"rotation":{"x":-0.007682946976274252,"y":-0.9799381494522095,"z":0.19539062678813935,"w":-0.038532208651304248},"size":106.70648193359375,"orthographic":false}