{"cameraMode":{"drawMode":0,"name":"Shaded","section":"Shading Mode"},"sceneLighting":false,"audioPlay":false,"sceneViewState":{"showFog":true,"showMaterialUpdate":false,"showSkybox":true,"showFlares":true,"showImageEffects":true,"showParticleSystems":true},"in2DMode":false,"pivot":{"x":9.930299758911133,"y":-1.498682975769043,"z":0.9458217620849609},"rotation":{"x":-0.020936809480190278,"y":-0.968711793422699,"z":0.23122578859329225,"w":-0.08771400898694992},"size":22.0,"orthographic":false}