{"cameraMode":{"drawMode":0,"name":"Shaded","section":"Shading Mode"},"sceneLighting":false,"audioPlay":false,"sceneViewState":{"showFog":true,"showMaterialUpdate":false,"showSkybox":true,"showFlares":true,"showImageEffects":true,"showParticleSystems":true},"in2DMode":false,"pivot":{"x":3.904568910598755,"y":-0.46817684173583987,"z":-0.0667724609375},"rotation":{"x":0.0035839343909174206,"y":-0.9697140455245972,"z":0.24380053579807282,"w":0.01425502821803093},"size":22.0,"orthographic":false}